{
  "alpha0": [
    {
      "alpha": 0,
      "num_nodes": 4888,
      "num_edges": 16553,
      "density_directed": 0.0006929520418411919,
      "avg_in_strength": 1.5551517285796221,
      "avg_out_strength": 1.555151728579622,
      "avg_weight": 0.45922682591054137,
      "var_weight": 0.07030434811609594,
      "max_weight": 1.0,
      "min_weight": 0.0,
      "median_weight": 0.3991236968328196,
      "q25_weight": 0.25722010674036266,
      "q75_weight": 0.6638129998412725,
      "num_weakly_connected_components": 1,
      "num_strongly_connected_components": 33,
      
      "coverage": 0.7055104337152207,
      "entropy": 1040.3380481871723 
    }
  ],
  "alpha0.25": [
    {
      "alpha": 0.25,
      "num_nodes": 4888,
      "num_edges": 16553,
      "density_directed": 0.0006929520418411919,
      "avg_in_strength": 1.4154431745034561,
      "avg_out_strength": 1.4154431745034564,
      "avg_weight": 0.41797174149537214,
      "var_weight": 0.06748523579818978,
      "max_weight": 1.0,
      "min_weight": 0.0001763046544428773,
      "median_weight": 0.35632989819019745,
      "q25_weight": 0.22091245269540008,
      "q75_weight": 0.5826248097069556,
      "num_weakly_connected_components": 1,
      "num_strongly_connected_components": 33,

      "coverage": 0.5719946808510643,
      "entropy": 1361.7587523138116
    }
  ],
  "alpha0.5": [
    {
      "alpha": 0.5,
      "num_nodes": 4888,
      "num_edges": 16553,
      "density_directed": 0.0006929520418411919,
      "avg_in_strength": 1.2757346204272906,
      "avg_out_strength": 1.2757346204272906,
      "avg_weight": 0.37671665708020274,
      "var_weight": 0.07659346978524814,
      "max_weight": 1.0,
      "min_weight": 0.0003526093088857546,
      "median_weight": 0.28622799024520273,
      "q25_weight": 0.1638252061143871,
      "q75_weight": 0.5461448883484022,
      "num_weakly_connected_components": 1,
      "num_strongly_connected_components": 33,

      "coverage": 0.40972995090016445,
      "entropy": 1547.758119485444
    }
  ],
  "alpha0.75": [
    {
      "alpha": 0.75,
      "num_nodes": 4888,
      "num_edges": 16553,
      "density_directed": 0.0006929520418411919,
      "avg_in_strength": 1.1360260663511248,
      "avg_out_strength": 1.1360260663511248,
      "avg_weight": 0.3354615726650334,
      "var_weight": 0.09762905007727103,
      "max_weight": 1.0,
      "min_weight": 0.0005289139633286319,
      "median_weight": 0.2018598780809786,
      "q25_weight": 0.09357766110050937,
      "q75_weight": 0.47599879179310967,
      "num_weakly_connected_components": 1,
      "num_strongly_connected_components": 33,

      "coverage": 0.2137878477905085,
      "entropy": 1366.1962535983969


    }],
  "alpha1": [
    {
      "alpha": 1,
      "num_nodes": 4888,
      "num_edges": 16553,
      "density_directed": 0.0006929520418411919,
      "avg_in_strength": 0.9963175122749591,
      "avg_out_strength": 0.9963175122749591,
      "avg_weight": 0.29420648824986406,
      "var_weight": 0.13059197667425843,
      "max_weight": 1.0,
      "min_weight": 0.0007052186177715092,
      "median_weight": 0.1111111111111111,
      "q25_weight": 0.0136986301369863,
      "q75_weight": 0.5,
      "num_weakly_connected_components": 1,
      "num_strongly_connected_components": 33,

      "coverage": 0.0070806055646482355,
      "entropy": 89.49429117348947
    }
  





  ]
}